Title;OriginalTitle;Synopsis;Genre;ReleaseDate
O Senhor dos Anéis: A Sociedade do Anel;The Lord of the Rings: The Fellowship of the Ring;Em uma terra fantástica e única, um hobbit recebe de presente de seu tio um anel mágico e maligno que precisa ser destruído antes que caia nas mãos do mal. Para isso, o hobbit Frodo tem um caminho árduo pela frente, onde encontra perigo, medo e seres bizarros. Ao seu lado para o cumprimento desta jornada, ele aos poucos pode contar com outros hobbits, um elfo, um anão, dois humanos e um mago, totalizando nove pessoas que formam a Sociedade do Anel.;Ação,Aventura,Fantasia;2001-12-18
O Senhor dos Anéis: O Retorno do Rei;The Lord of the Rings: The Return of the King;O confronto final entre as forças do bem e do mal que lutam pelo controle do futuro da Terra Média se aproxima. Sauron planeja um grande ataque a Minas Tirith, capital de Gondor, o que faz com que Gandalf e Pippin partam para o local na intenção de ajudar a resistência. Um exército é reunido por Theoden em Rohan, em mais uma tentativa de deter as forças de Sauron. Enquanto isso, Frodo, Sam e Gollum seguem sua viagem rumo à Montanha da Perdição para destruir o anel.;Ação,Aventura,Fantasia;2003-12-01
O Senhor dos Anéis: As Duas Torres;The Lord of the Rings: The Two Towers;Após a captura de Merry e Pippy pelos orcs, a Sociedade do Anel é dissolvida. Frodo e Sam seguem sua jornada rumo à Montanha da Perdição para destruir o anel e descobrem que estão sendo perseguidos pelo misterioso Gollum. Enquanto isso, Aragorn, o elfo e arqueiro Legolas e o anão Gimli partem para resgatar os hobbits sequestrados e chegam ao reino de Rohan, onde o rei Theoden foi vítima de uma maldição mortal de Saruman.;Ação,Aventura,Fantasia;2002-12-18
O Senhor dos Anéis;The Lord of the Rings;Na terra pacífica do Condado, um Hobbit chamado Frodo Bolseiro recebe do seu tio um Anel mágico, capaz de decidir o futuro da Terra-Média. Assim Frodo terá de embarcar numa jornada épica para destruir o Anel, antes que o senhor do escuro Sauron possa recuperar-la.;Aventura,Animação,Fantasia;1978-11-15
Azul É A Cor Mais Quente;La Vie d'Adèle - Chapitres 1 et 2;Adèle é uma garota de 15 anos que descobre, na cor azul dos cabelos de Emma, sua primeira paixão por outra mulher. Sem poder revelar a ninguém seus desejos, ela se entrega por completo a este amor secreto, enquanto trava uma guerra com sua família e com a moral vigente.;Drama,Romance;2013-10-09
Ela é Demais para Mim;She's Out of My League;Kirk (Jay Baruchel) era motivo de piada entre os amigos quando o assunto era mulher. Até que um dia, sem querer, ele conheceu Molly (Alice Eve) e aí, o que antes era somente uma feliz coincidência virou uma grande aventura amorosa, temperada com muito humor e zoação dos colegas. Afinal de contas, como uma gata nota 10 pode ficar com um cara nota 5?;Comédia,Romance;2010-03-11
Ela é Demais;She's All That;Zach Siler é o figurão da escola e motivo de inveja dos seus colegas. Porém, sua popularidade diminui drasticamente quando sua namorada, a animadora de torcida, Taylor o deixa pelo ator Brock Hudson. Desesperado para recuperar sua reputação, Siler concorda com um desafio aparentemente impossível. Ele terá seis semanas para ganhar a confiança da nerd Laney Boggs e ajudá-la a se tornar a próxima rainha do baile da escola.;Comédia,Romance;1999-01-29
Viva: A Vida é uma Festa;Coco;O aspirante a músico Miguel, deve lidar com sua família que desaprova seu sonho, acaba entrando na Terra dos Mortos para encontrar seu trisavô, um cantor lendário.;Aventura,Animação,Comédia,Família,Fantasia,Musical;2017-10-27
Boogeyman: Seu Medo é Real;The Boogeyman;Uma jovem de 16 anos e sua irmã mais nova ainda em luto pela morte da mãe, são alvo de uma criatura sobrenatural depois que o pai de ambas atende um paciente desesperado em casa.;Horror,Mistério,Suspense;2023-05-31
Zootopia: Essa Cidade é o Bicho;Zootopia;Judy Hopps é a pequena coelha de uma fazenda isolada, filha de agricultores que plantam cenouras há décadas. Mas ela tem sonhos maiores: pretende se mudar para a cidade grande, Zootopia, onde todas as espécies de animais convivem em harmonia, na intenção de se tornar a primeira coelha policial. Judy enfrenta o preconceito e as manipulações dos outros animais, mas conta com a ajuda inesperada da raposa Nick Wilde, conhecida por sua malícia e suas infrações. A inesperada dupla se dedica à busca de um animal desaparecido, descobrindo uma conspiração que afeta toda a cidade.;Aventura,Animação,Comédia,Família;2016-02-11
Red: Crescer é Uma Fera;Turning Red;Mei, de treze anos, está experimentando a estranheza de ser uma adolescente com uma reviravolta – quando ela fica muito animada, ela se transforma em um panda vermelho gigante.;Animação,Comédia,Família,Fantasia;2022-03-10
Awareness: A Realidade é Uma Ilusão;Awareness;Um adolescente e seu pai vivem à margem da sociedade de forma peculiar: eles aplicam golpes usando os poderes do adolescente. Mas as coisas acabam saindo do controle quando Ian é exposto em público, o que dá início a uma guerra em que os dois lados querem obter benefícios com seu dom!;Ação,Mistério,Ficção Científica,Suspense;2023-03-16
Superbad: É Hoje;Superbad;Os estudantes adolescentes Seth e Evan têm grandes esperanças para uma festa de formatura. Os adolescentes co-dependentes pretendem beber e conquistar garotas para que eles possam se tornar parte da multidão popular da escola, mas a ansiedade de separação e dois policiais entediados complicam a auto-missão proclamada dos amigos.;Comédia;2007-03-20
Este é o Meu Garoto;That's My Boy;Na adolescência, Donny teve um filho, Todd, e o criou até completar 18 anos. Agora Donny ressurge pouco antes do casamento de Todd depois de anos separados, fazendo com que o mundo do futuro noivo desmorone.;Comédia;2012-06-14
É o Fim;This Is the End;Durante uma festa na casa de James Franco, uma série de eventos catastróficos se iniciam e aos poucos destroem Los Angeles. Seis amigos conseguem escapar, porém a falta de suprimentos traz à tona intrigas do passado. Eventualmente, eles são forçados a sair da casa, encarando seu destino e o verdadeiro significado de amizade e redenção.;Ação,Comédia;2013-06-12
Meu Nome é Khan;My Name Is Khan;Um homem muçulmano indiano, que sofre de síndrome de Asperger, é preso por engano como um suspeito de terrorismo após o 11 de Setembro em Los Angeles.;Drama,Romance;2010-02-10
A Vida é Bela;La vita è bella;Durante a Segunda Guerra Mundial na Itália, o judeu Guido e seu filho Giosué são levados para um campo de concentração nazista. Afastado da mulher, ele tem que usar sua imaginação para fazer o menino acreditar que estão participando de uma grande brincadeira, com o intuito de protegê-lo do terror e da violência que os cercam.;Comédia,Drama;1997-12-20
Ele é Demais;He's All That;"Neste remake do clássico adolescente ""Ela é Demais"", uma influenciadora aceita o desafio de transformar um garoto pouco popular em rei do baile.";Comédia,Romance;2021-08-27
O Céu é de Verdade;Heaven Is for Real;A história verdadeira do filho de 4 anos de um pastor de uma cidade pequena que, durante uma cirurgia de emergência, foge da consciência e entra no céu. Quando ele acorda, ele conta suas experiências do outro lado.;Drama;2014-04-16
Meu Nome é Vingança;Il mio nome è vendetta;Sofia era uma adolescente como qualquer outra, que gostava de dividir seu tempo livre entre partidas de hóquei e aulas de direção off-road — até o dia em que ela desobedece às ordens do pai e posta, em segredo, uma foto dele no Instagram. Mal sabia ela que aquele post mudaria as vidas deles para sempre. Seguindo as pistas no mundo online, dois criminosos conseguem encontrar a casa da família e acabam assassinando, a sangue frio, a mãe e o tio da jovem. A tragédia vai dar início a um acerto de contas que estava dormente por quase vinte anos.;Ação,Crime,Suspense;2022-11-30
Perfeita é a Mãe!;Bad Moms;Uma mulher (Mila Kunis), com vida aparentemente perfeita acaba ficando estressada além do ponto com as obrigações domésticas. Cansada da situação, ela se une a duas outras mulheres (Kathryn Hahn e Kristen Bell) que passam pelos mesmos problemas e juntas iniciam uma intensa jornada de libertação.;Comédia;2016-07-28
Ela é o Cara;She's the Man;Viola (Amanda Bynes) é uma boa jogadora de futebol, mas sempre é impedida de jogar com os garotos de sua escola devido ao preconceito de que mulher não pode ser tão boa no esporte quanto um homem. Furiosa, Viola aproveita a viagem de seu irmão Sebastian (James Kirk) e decide se passar por ele em sua escola, jogando no time masculino de futebol. Ela tem apenas duas semanas para mostrar que sabe jogar futebol, mas acaba se apaixonando por Duke (Channing Tatum), seu companheiro de quarto, que acredita que ela é um homem.;Comédia,Romance;2006-03-17
O Amor é Cego;Shallow Hal;Hal (Jack Black) é um homem que segue à risca o conselho de seu pai e apenas se interessa por mulheres que tenham um físico perfeito. Mas tudo muda quando ele por acaso se encontra com Anthony Robbins, um guru de auto-ajuda que o hipnotiza e faz com que ele apenas possa visualizar a beleza interior das mulheres, em detrimento de seu físico. Sem saber que está sob o efeito de hipnose, Hal então se apaixona por Rosemary (Gwyneth Paltrow), uma mulher obesa que é vista por ele como se fosse uma verdadeira deusa. Até que, após ser retirado da hipnose por seu amigo Mauricio (Jason Alexander), ele passa a ver como Rosemary é de verdade fisicamente e precisa tomar uma decisão sobre seu relacionamento com ela.;Comédia,Romance;2001-11-01
O Crime é Meu;Mon crime;Madeleine Verdier, uma atriz sem dinheiro, é acusada do assassinato de um famoso produtor. Com a ajuda de sua melhor amiga ela prova isso, é absolvida por legítima defesa.;Comédia,Mistério;2023-03-08
Doze é Demais 2;Cheaper by the Dozen 2;Tom Baker e sua esposa, Kate, levam seus filhos para o que esperam ser um verão relaxante em um resort à beira do lago. Porém, logo descobrem que vão ficar em um quarto muito ruim. Para piorar a situação, o antigo inimigo de Tom, Jimmy Murtaugh, e sua enorme família aparecem no lugar e envolvem os Baker em uma competição nada amigável, que ameaça estragar sua viagem.;Aventura,Comédia,Família;2005-12-21
Interestelar;Interstellar;As reservas naturais da Terra estão chegando ao fim e um grupo de astronautas recebe a missão de verificar possíveis planetas para receberem a população mundial, possibilitando a continuação da espécie. Cooper é chamado para liderar o grupo e aceita a missão sabendo que pode nunca mais ver os filhos. Ao lado de Brand, Jenkins e Doyle, ele seguirá em busca de um novo lar.;Aventura,Drama,Ficção Científica;2014-11-05
Faster Than Light: the Dream of Interstellar Flight;Faster Than Light: the Dream of Interstellar Flight;“Faster Than Light” explores the longstanding quest to develop spacecraft with enough power and speed to reach the stars. The film asks: What will it take to reach a newly discovered planet circling our Sun’s nearest neighbor, Proxima Centauri? Based on real science and engineering, “Faster Than Light” takes audiences on a thrilling journey into the future, aboard laser-driven space sails, antimatter engines, and even warp drive – right out of science fiction. “Who can say how far, and how fast, our technology will one day take us?” said director Thomas Lucas.;Documentário;2017-06-07
O Corpo;El cuerpo;O detetive Jaime Peña (José Coronado) esta investigando o caso de um corpo desaparecido do necrotério, após um guarda-noturno do local ser atropelado. O corpo é de uma poderosa mulher, Mayka Villaverde (Belén Rueda). Há muitas questões sem resposta e ninguém parece ser quem diz, ao mesmo tempo que escondem algo sobre o passado de Mayka. Ele conta com a ajuda do marido dela, mas uma intrincada rede de interesses surge no meio da investigação.;Mistério,Suspense;2012-12-21
Teresa: O Corpo de Cristo;Teresa, el cuerpo de Cristo;"Teresa de Cepada y Ahumada, filha de um fidalgo de Ávila, não aceita seu papel como mulher em um mundo de homens. Ela não se contenta em ser apenas esposa e mãe. Ela sente que há algo mais. Ela quer escrever, ler, aprender. Na busca por esse ""algo mais"" de que sente falta, Teresa vai para um convento de clausura, mas sua decepção não poderia ser maior. Ela logo descobre que por trás das paredes do convento, reina o mesmo materialismo e frivolidade de que ela está tentando fugir. Teresa, então, decide iniciar uma cruzada baseada em oração e sacrifício, pela qual primeiro será considerada rebelde e louca, para então se tornar uma líder e, enfim, uma santa.";Drama;2007-03-09
Mientras el cuerpo aguante;Mientras el cuerpo aguante;Housekeeper inherits her employer's fortune, tries to enter into society and make a good match for her God-daughter.;;1958-12-04
The body;El cuerpo;"Four friends go hunting and ""accidentally"" one kills another. The argument over what to do with the body will get to unsuspected heights.";;2018-11-01
18 Indications on the Body;18 indicios sobre el cuerpo;A short film based on texts from Communitas, a publication by Emilio García Wehbi, which in turn has its origin in 58 Indications on the Body by Jean-Luc Nancy.;;2021-11-29
El Último Cuerpo;El Último Cuerpo;Investigating the murder of a drag, the journalist Heriberto Camargo discovers that the crime is part of a plot of police killings attributed to a character known as Vincent. The chronicles published by Camargo and his investigations to uncover the motive for the crimes confront Commissioner Sangretti.;Ação,Crime;2011-01-01
En el cuerpo;En el cuerpo;;Documentário;2018-08-16
El cuerpo incorrupto;El cuerpo incorrupto;;Documentário;2013-01-01
El Otro Cuerpo;El Otro Cuerpo;;Drama,Mistério;2022-08-17
El cuarto cuerpo;El cuarto cuerpo;;Drama,Suspense;2017-03-01
With a Borrowed Body;Con el Cuerpo Prestado;;Comédia,Fantasia;1983-01-27
El cuerpo del delito;El cuerpo del delito;The shocking and compelling true story of two women. one savagely raped, tortured and burned. the other, a detective that makes this case her mission. United by destiny and tragedy, they find strength in each other to find the criminals who committed such a brutal and violent crime.;Drama;2005-05-11
Mientras el cuerpo aguante;Mientras el cuerpo aguante;A documentary on song-writer, singer, speaker and thinker Chicho Sanchez Ferlosio, his anarchistic way of life seen through his songs, opinions and incarnations.;;1982-09-26
En el cuerpo equivocado;En el cuerpo equivocado;Mavis is a Cuban transsexual who, 20 years after her sex change operation, questions the way in which she has developed her femininity based on the stereotypes and prejudice of the male-dominated, patriarchal and hegemonic society she lives in. An intimate trip within her leads the spectator to question the sex-gender distinction.;Documentário;2010-01-02
Journey Through the Body;Viaje por el cuerpo;A photographer has drawn his world by populating it with clandestine images. Photography allowed him years ago the excuse to try to escape from the family nucleus. And so, lightly packed, he boarded the first and only train.;;2001-03-01
To Let The Body Grow;Dejarse Crecer el Cuerpo;Animated testimonies of people with different gender identities, that relate their life experiences and create a single voice with many voices.;Animação,Documentário;2018-05-01
Mom's Corpse;El Cuerpo De Mamá;As the world faces a pre-apocalyptic era and Luisito and his two siblings find themselves with the difficult and traumatic situation of having their lifeless mother in the middle of the room. In turn, the world faces hundreds of thousands of deaths that cause the morgues to be at their maximum capacity, preventing the authorities from coming to collect the body. With the help of his two siblings, whose relationship has been breaking down over the years, they decide to transport the body to a safer and more dignified place.;Drama;2021-11-17
El cuerpo es el soplo cálido;El cuerpo es el soplo cálido;A ritual of spiritual and emotional survival based on the contact with solar light.  Musical set shot live, during the period of quarantine in the city of Buenos Aires. Intervened through montage with images of a relaxation and dispersion routine that consisted in going up to the terrace of the building in order to sunbathe, look at the concrete horizon and absorb the energy of the outside from the windows of the apartment. Archive footage, registered in Mini-DV format during another time, invokes the same revitalizing function as the sun, light reflected in flowers that nurture the spirit.;;
Devil in the Flesh;Con el diablo en el cuerpo;Young newlywed girl about to embark on her honeymoon persuades older family friend to assist her in an extensive search for her missing husband. A road-trip full of comical misadventures ensues.;;1947-05-21
With the Devil in the Body;Con el diablo en el cuerpo;;;1954-09-20
365 Dias: Hoje;365 dni: Ten dzień;"Em 365 Dias: Hoje, após os acontecimentos de 365 Dias, Laura Biel se casa com Don Massimo, o chefe da máfia siciliana que a sequestrou. Sua vida parece um conto de fadas: ela tem um marido amoroso, uma casa linda e um bebê a caminho. Mas Massimo tem muitos inimigos, e eles sabem que a melhor maneira de lhe causar dor é ferir aqueles que ama. Depois de um mal-entendido conjugal, Laura e sua melhor amiga, Olga, fogem da Sicília para a Polônia natal. Mas sem a proteção do marido, Laura é sequestrada por Marcelo ""Nacho"" Matos, filho do chefe da máfia rival, e levada para as Ilhas Canárias pela máfia espanhola. Agora Massimo moverá qualquer montanha para resgatá-la. Mas o que o chefe da máfia siciliana não espera é que Laura começa a ter sentimentos pelo seu raptor, lindo e extremamente perigoso, enquanto é mantida refém.";Drama,Romance;2022-04-27
365 Dias Finais;Kolejne 365 dni;A falta de confiança deixa a relação entre Laura e Massimo por um fio. Enquanto isso, Nacho usa de sua esperteza para afastá-los ainda mais.;Drama,Romance;2022-08-19
365 Dias;365 dni;Laura, a fim de salvar seu relacionamento, vai para a Sicília, onde conhece Massimo. Um homem perigoso, o chefe de uma família da máfia, que a sequestra e lhe dá 365 dias para amá-lo.;Drama,Romance;2020-02-07
365 días al año;365 días al año;The story of an elderly lady.;;
Cidade de Deus;Cidade de Deus;Buscapé é um jovem morador da Cidade de Deus que cresce em meio à violência. Com medo de se tornar um bandido, enxerga na fotografia uma oportunidade de ter uma vida digna.;Crime,Drama;2002-08-30
Cidade de Deus: 10 Anos Depois;Cidade de Deus: 10 Anos Depois;Como o próprio título já diz, resgata os dez anos passados desde o lançamento de Cidade de Deus (2002), longa de Fernando Meirelles e Kátia Lund que recebeu quatro indicações ao Oscar. Procura mostrar as transformações vividas pelos atores do longa na última década. Deram entrevistas atores como Seu Jorge, Alice Braga, Leandro Firmino da Hora, Darlan Cunha, Roberta Rodrigues, dentre outros.;Documentário;2013-10-05
750 Cidade de Deus;750 Cidade de Deus;Dois últimos dias da vida de um passageiro da linha 750 - Cidade de Deus, que está ameaçado de morte pelo irmão traficante.;;1998-06-19
A Deusa da Cidade Perdida;She;A cidade perdida de Kuma é governada pela cruel, arrogante e bela rainha, Ayesha, dotada da vida eterna. Ela atrai Leo Vincey para seu mundo, vendo nele a reencarnação do amante que ela assassinou há muito tempo em um ataque de ciúme violento. Contra todos os conselhos, Leo está determinado a ficar e Ayesha o convence a se banhar na chama da eterna juventude... com consequências desastrosas.;Aventura,Fantasia,Romance;1965-04-18
Cidade de Deus: Oficina dos Atores;Cidade de Deus: Oficina dos Atores;Minidoc sobre a preparação dos atores de Cidade de Deus (2002);Documentário;2003-01-01
Os Farofeiros;Os Farofeiros;Colegas de trabalho, Lima, Alexandre, Rocha e Diguinho decidem sair juntos em uma viagem com suas famílias para curtir o feriadão. Entre engarrafamentos quilométricos em carros apertados, ataques de mosquitos e disputas por um espaço na areia de praias lotadas, nada parece dar certo na viagem. Os planos de um passeio perfeito vão definitivamente por água abaixo quando descobrem que a casa que alugaram estava abandonada e caindo aos pedaços. Sem ter para onde ir, eles irão se meter em confusões hilárias e ainda terão que administrar os problemas de convivência para superar aquele que será o feriado mais infernal de suas vidas.;Comédia;2018-03-08
Os Farofeiros 2;Os Farofeiros 2;;;
Shiver;Eskalofrío;Santi, a young high-school student with a serious physical reaction to sunlight, is forced by his health to move with his single mother to a shadowy, isolated village in the mountains of Spain where the inhabitants begin to reveal themselves as strangely xenophobic. When terrible, violent events begin to occur, Santi becomes first a pariah at school and then strongly suspected by the police of hideous murders. Santi himself, however, wonders if he is not the next victim.;Horror,Suspense;2008-02-08
Lamb;Dýrið;Um casal que vive sozinho numa fazenda remota na Islândia tem a sua tranquila existência abalada pela descoberta espantosa de um misterioso recém-nascido entre as suas ovelhas. Eles decidem criar a criança como sua, mas logo enfrentam as consequências de desafiar a vontade da natureza.;Drama,Fantasia,Horror;2021-08-12
Lamb;Lamb;Após a morte do pai e de um divórcio, David Lamb busca recuperar sua fé na vida. Ele conhece Tommie, uma garota de 11 anos excluída pelas amigas e que não recebe a devida atenção de sua mãe. Lamb acredita que precisa ajudá-la a ter um futuro com esperança e a leva numa viagem para as montanhas rochosas de Chicago, onde os dois percebem quais são as coisas mais importantes na vida.;Drama;2015-10-20
Mary Had a Little Lamb;Mary Had a Little Lamb;Uma reimaginação de terror do famoso conto - Mary Had A Little Lamb.;Horror;2023-10-03
O Rebanho;The Other Lamb;"Selah (Raffey Cassidy) é uma jovem nascida em um culto repressivo conhecido como ""rebanho"". Todas as mulheres e crianças vivem em um complexo rural e são liderados por um homem, conhecido apenas como ""Pastor"". Selah recebe a grande honra de participar do ritual sagrado do nascimento dos cordeiros, do qual o rebanho depende para sobreviver. Durante a cerimônia, ela passa por uma experiência chocante. A adolescente começa a ter visões estranhas que a fazem questionar sua própria realidade, e tudo o que o Pastor a ensinou.";Drama,Horror,Suspense;2020-04-03
LaMB;LaMB;The film tells the story of a futuristic inhabited planet that has seemingly perfected a system of justice and imprisonment, called “Lamination”. Individuals convicted of serious crimes are encased in laminated suits, which results in virtual slavery. The criminals are referred to as “LaMBs”. The protagonists struggle with the political and ethical system of laminated imprisonment, leading to the eventual development of a romantic relationship between a free citizen and a LaMB.  LaMB is an animated film produced by Animax.  The film has been developed into four different episodes for Mobile and PSP users.;;2009-03-24
Lamb;Lamb;When an Ethiopian boy moves in with distant relatives he takes his pet sheep with him but the upcoming holidays spell danger for his beloved friend.;Drama;2015-09-30
Lamb Lamb Lamb;羊羊羊;Aoqi and his girlfriend Qing Keer are about to part. An embarrassing incident happened between them and Aoqi's good friend Cha Ligan while parting.;;2023-10-08
Lamb;Lamb;Michael Lamb is a Father questioning his calling, in a Reform School in Ireland. When young epileptic runaway Eoin is sent to the school, the two recognise kindred spirits and escape to London together. With the police on their tail and the money running out however, Lamb is forced to make some terrible decisions.;Drama;1986-10-10
Lambada, A Dança Proibida;The Forbidden Dance;No início da década de 1990, as florestas tropicais brasileiras estão sob a ameaça de uma grande multinacional americana. Buscando uma solução, a princesa Nisa (Laura Harring) viaja com o xamã Joa (Sid Haig) para Los Angeles, a fim de encontrar um modo de salvar a fauna e flora do local. Mas os planos não dão muito certo: Joa é preso e Nisa deve encontrar, sozinha, a solução para impedir a destruição da floresta. A salvação vem quando ela encontra um jovem que dançarino, e juntos resolvem participar de uma competição de lambada promovida por uma emissora de TV.;Drama,Romance;1990-03-16
Lamb;Lamb;‘Lamb’ was shot in a farmer’s lambing shed near Skaer’s house on the island of Lewis. The soundtrack was composed by Will Carslake and Olivia Ray in collaboration with Nashashibi.;;2019-01-01
Lamb Game;羔羊游戏;Hong Kong, 1996. Wang Cui Ying was held hostage by robbers at her wedding and witnessed her husband dying under the guns of bandits. Unable to get out of the haze, she now works in an archery hall.  On the night of the typhoon, she accidentally stayed in the building, witnessed the same gang of bandits killing people in it. While escaping from them, she accidentally stumbles upon a blind man, Nan Ge. From that moment, they both try to escape from the bandits, in the building that has turned into a death trap.;Crime;2023-08-17
Sacrificial Lamb;Upurjērs;In this allegory about paradise lost, Ildze yearns to find peace and fulfilment by moving from the city to the countryside. However, her thoughts are consumed by the illness of her child, her estrangement from her husband and his absence. In the meantime, Ildze’s grief is enveloped by nature’s promise of comfort, which never arrives. She tries to understand where to find the beginning of the cycle of sacrifice and where to find its end. And who is her victim, or is it herself?;;2023-10-18
Lamb;Lamb;An ordinary day takes a sinister turn for a woman and her child when a stranger walks into their isolated rural home.;Drama;2022-03-31
Lady Caroline Lamb;Lady Caroline Lamb;Lady Caroline Lamb, dissatisfied in her marriage, has an affair with the dashing Romantic poet Lord Byron.;Drama,História,Romance;1972-11-22
The Scythian Lamb;羊の木;Based on a manga written by Tatsuhiko Yamagami, the story is set in a former seaport town Uobuka, where 6 former criminals were sent to live there by the government, with the intention of re-socialising them. Aside from the few who know about the project, the general townsfolk has no idea of the former convicts' identities. Tsukisue is the pleasant and efficient municipal official put in charge of the programme. As he slowly learns about their past, a body is discovered.;Crime,Drama;2018-02-03
Who Killed Lamb?;Who Killed Lamb?;A popular member of the Oxford community is killed and nobody figure out why.  A police inspector is called in from Scotland Yard and discovers there may be more to the victim than anyone knows.;Crime,Drama,Mistério,Filme para TV,Suspense;1974-02-04
The Crippled Lamb;The Crippled Lamb;The classic children's book The Crippled Lamb comes to home video in this special adaptation with full animation, original songs, and a name value cast including Jodi Benson (The Little Mermaid) and Robby Benson (Beauty and the Beast, Ice Castles) performing character voicings.;Animação,Família;2000-12-09
Dr. Lamb;羔羊醫生;An abnormal taxi driver lusts for blood every rainy night, and several young women are killed as a result. The muderer, Laiu, likes to take photos of the victims dismembered bodies as momentos. Inspector Lee is called onto the case in this bizarre thriller.;Crime,Horror,Suspense;1992-10-22
Lamb Of God: Killadelphia;Lamb Of God: Killadelphia;"Part concert footage, part fly-on-the-wall video documentary of the ups and downs of a road tour, Lamb of God: Killadelphia could easily entertain the most stubborn of metal haters with its lively peek at the band at work and play between shows. Whether dealing with rental truck breakdowns, show delays, radio interviews, in-store appearances, late arrivals of equipment, or dazzled fans, the members of Lamb of God and their handful of assistants keep their cool with fluent wit, easygoing camaraderie, and unabashed romanticism (meeting up with band members' spouses is one of the highlights of Killadelphia). Meanwhile, Lamb of God's grinding, apocalyptic wall of sound, especially singer Randy Blythe's croaking, monster vocals, whip a Philadelphia crowd into a hellbound fury. Special features include three music videos, including an uncensored ""Now You've Got Something to Die For.""";Documentário,Musical;2005-01-01
Lamb;Lamb;A couple gets ready for a dinner party with another couple. The evening gets derailed as each spouse reveals a surprising secret about the other couple.;Drama;2022-11-26
O Exterminador do Futuro: Destino Sombrio;Terminator: Dark Fate;Décadas após Sarah Connor impedir o Dia do Julgamento, um novo Exterminador letal é enviado para eliminar o futuro líder da resistência. Em uma luta para salvar a humanidade, Sarah Connor, endurecida pela batalha, se une a um aliado inesperado e a um super soldado aprimorado com a missão de parar o Exterminador mais mortal até agora.;Ação,Ficção Científica;2019-10-23
O Exterminador do Futuro: Gênesis;Terminator Genisys;John Connor, líder da resistência humana contra Skynet, envia Kyle Reese de volta a 1984 para proteger sua mãe, Sarah. Porém, Reese se surpreende ao encontrá-la com um exterminador que age como seu protetor, e descobre que o passado foi alterado.;Ação,Aventura,Ficção Científica,Suspense;2015-06-23
O Exterminador do Futuro;The Terminator;Em um futuro próximo, a guerra entre humanos e máquinas foi iniciada. Com a tecnologia a seu dispor, um plano inusitado é arquitetado pelas máquinas ao enviar para o passado um andróide com a missão de matar a mãe daquele que viria a se transformar num líder e seu pior inimigo. Contudo, os humanos também conseguem enviar seu representante para proteger a mulher e tentar garantir o futuro da humanidade.;Ação,Ficção Científica,Suspense;1984-10-26
O Exterminador do Futuro 2: O Julgamento Final;Terminator 2: Judgment Day;O jovem John Connor é a chave para a vitória da civilização sobre uma rebelião de robôs do futuro. No entanto, ele torna-se alvo de T-1000, um exterminador que pode assumir a forma que desejar e que foi enviado do futuro para matá-lo. Outro exterminador, o renovado T-800, também é enviado de volta ao passado para proteger o garoto. Quando John e sua mãe embarcam na fuga com T-800, o menino cria um vínculo forte e inesperado com o robô.;Ação,Ficção Científica,Suspense;1991-07-03
O Exterminador do Futuro 4: A Salvação;Terminator Salvation;John Connor é designado para liderar a resistência humana ao domínio das máquinas, coordenadas pela Skynet e seu exército de exterminadores. Quando surge um estranho homem chamado Marcus Wright, cuja última memória que possui é de estar no corredor da morte. John Connor precisa descobrir se ele foi enviado do futuro ou resgatado do passado, ao mesmo tempo em que a Skynet prepara seu ataque definitivo, que pode aniquilar a humanidade.;Ação,Ficção Científica,Suspense;2009-05-20
O Exterminador do Futuro 3: A Rebelião das Máquinas;Terminator 3: Rise of the Machines;Na intenção de concluir a missão ainda inacabada, a bela e perigosa máquina mortífera T-X é enviada para matar John Connor, líder da resistência humana contra as máquinas da Skynet. Para protegê-lo mais uma vez o ciborgue T-800 volta à cena.;Ação,Ficção Científica,Suspense;2003-07-02
Manipuladores do Tempo aka O Exterminador do Passado;Timestalkers;History professor Scott McKenzie makes an anachronistic discovery in a photograph from the Old West and he is soon joined by beautiful time-traveler Georgia in a time-skipping adventure to stop her colleague from the future from erasing her from existence.;Aventura,Ficção Científica,Filme para TV,Suspense,Faroeste;1987-03-10
A Gêmea do Mal;The Evil Twin;Emily consegue escapar de um relacionamento abusivo e decide voltar para sua cidade natal em busca de paz e sossego. Mas quando ela chega, fica sabendo da existência de uma irmã gêmea que pode ser uma assassina.;Filme para TV,Suspense;2021-01-16
Evil Twin;Evil Twin;Gangsters get their hands on a teleportation device and this causes major conflict in the team.;Ação,Ficção Científica;2013-12-06
The Evil Twin;전설의 고향;In coma for a decade, the twin So Yeon wakes finally up. But she can't recall many things. Her other twin sister, Hyo Jin, died in the accident that led to So Yeon's coma. Now that So Yeon has gained her consciousness back, strange things start to happen.;Horror,Mistério;2007-05-23
My Evil Twin;My Evil Twin;Short about an Evil Twin;;
The Universe: Nemesis - The Sun's Evil Twin;The Universe: Nemesis - The Sun's Evil Twin;The theory of a Nemesis star that orbits the sun and causes catastrophic events every 26 million years is explored.;Documentário,História,Ficção Científica;2011-11-01
O Marido Errado;The Wrong Husband;Melanie suspeita que seu marido Derrick não seja o homem com quem ela se casou. Agora ela deve embarcar em uma missão para descobrir o que há de errado - estudar seu comportamento estranho, seguir cada movimento seu e sondar seu passado.;Filme para TV,Suspense;2019-03-11
O Sótão;The Attic;Emma e sua família estão infelizes depois de se mudarem para sua casa. Um dia ela foi ao sótão e encontrou alguém parecido com ela e começou a persegui-la.;Horror,Suspense;2008-01-15
Traição em Família;The Good Sister;The Good Sister follows a couple who is working to put their crumbling marriage back together, when the wife receives a letter informing her that she has a long-lost twin sister. First thinking that the new family member will bring the couple closer together, the husband then begins an affair with the sister and discovers that she is treacherous and dangerous.;Drama,Mistério,Filme para TV,Suspense;2014-05-10
O Rei Leão;The Lion King;Simba é um jovem leão cujo destino é se tornar o rei da selva. Entretanto, uma armadilha elaborada por seu tio Scar faz com que Mufasa, o atual rei, morra ao tentar salvar o filhote. Consumido pela culpa, Simba deixa o reino rumo a um local distante, onde encontra amigos que o ensinam a mais uma vez ter prazer pela vida.;Aventura,Drama,Família;2019-07-12
O Rei Leão;The Lion King;Mufasa, o Rei Leão, e a rainha Sarabi apresentam ao reino o herdeiro do trono, Simba. O recém-nascido recebe a bênção do sábio babuíno Rafiki, mas ao crescer é envolvido nas artimanhas de seu tio Scar, o invejoso e maquiavélico irmão de Mufasa, que planeja livrar-se do sobrinho e herdar o trono.;Animação,Drama,Família;1994-06-24
O Rei Leão 3: Hakuna Matata;The Lion King 1½;Timão e Pumba começam a assistir o primeiro filme do Rei Leão, e Timão fica insistindo para que Pumba avance até a parte em que eles aparecem, porque eles não estão no início do filme. A partir daí, Pumba resolve contar um pouco da história dos dois, que começa antes da jornada de Simba. Contam sobre a mãe de Timão e sobre o Tio Max, descobrem porque Timão deixou a colônia, e onde ele aprendeu o Hakuna Matata. Também relatam como os dois se conheceram, e os perigos que enfrentaram enquanto procuravam pelo lar dos sonhos.;Ação,Animação,Comédia,Família;2004-02-06
O Rei Leão II: O Reino de Simba;The Lion King II: Simba's Pride;Kiara é a filhote de Simba e Nala. A pequena leoa tem um espírito livre e aventureiro. Um dia, ela resolve passear para além dos limites do território de seu pai e encontra os descendentes do maléfico Scar. Um dos descendentes do algoz de Mufasa é Kovu, que se torna um grande amigo de Kiara. Entretanto, o amor entre os dois leõezinhos irá reacender uma rivalidade histórica.;Ação,Aventura,Animação,Família;1998-10-24
Mufasa: O Rei Leão;Mufasa: The Lion King;"Um Spi-off do filme de 2019 da Disney, ""O Rei Leão"".";Aventura,Animação,Família;2024-07-03
ReMastered: O Rei Leão e o Músico Esquecido;ReMastered: The Lion's Share;ReMastered  O Rei Leao e o Musico Esquecido;Documentário,Musical;2019-05-17
Son of Alladin;Son of Alladin;When an evil magician conjures a deadly dragon, a valiant prince leaps into action and initiates a magic prophecy to protect his kingdom.;Aventura,Animação;2003-08-29
Aladdin e a Lâmpada Mágica;Alladin - Jaanbaz Ek Jalwe Anek;Uma fantástica aventura inspirada na história de Aladdin, personagem dos contos das Mil e Uma Noites está de volta para alegria de toda a família! Conta a aventura de um ladrãozinho de rua que se apaixona pela princesa. Só que no meio do caminho, o garoto é enganado por um velho que e na verdade Jafar, ministro do reino, que manda Aladdin buscar uma lâmpada mágica que contem um gênio aprisionado e que realizará três desejos, sendo que na realidade Jafar quer o poder do gênio para si!;;2007-11-16
Alladin and the Wonderful Lamp;Allauddin Adhbhuta Deepam;Alladin throws away a magic lamp after an evil magician fools him into finding it. Years later, when Alladin learns the full extent of its powers, he decides to find and use it.;Aventura,Drama,Fantasia;1957-03-29
Aladdin;Aladdin;A young man's life is turned around with the help of a genie inside a lamp.;Aventura,Animação,Família,Fantasia;1992-04-27
Aladin;Aladin und die Wunderlampe;"The story of Aladin is one of the most beautiful and well known fairy tales from ""the Arabian nights"".  Aladin is the son of a poor tailor.  But with the help of Dschinni, a friendly ghost, he achieves luck and wealth.  And since this is a fairy tale, he marries the sultan’s beautiful daughter in the end.";Animação,Fantasia,Romance;1993-01-01
Toy Story: Um Mundo de Aventuras;Toy Story;Buzz Lightyear é o novo e sofisticado astronauta de brinquedo do garoto Andy. Buzz não imaginava que encontraria um rival: Woody, um cowboy de brinquedo que, dominado pelo ciúme, acredita ter perdido um lugar precioso no coração do seu dono. Os dois brinquedos vivem brigando até que vão parar nas garras do vizinho, um verdadeiro destruidor de brinquedos. Agora, mais do que nunca, Buzz e Woody precisam precisam se unir para escapar do perigo. Com a ajuda de seus amigos da caixa de brinquedos, eles vão viver uma incrível aventura.;Aventura,Animação,Comédia,Família;1995-10-30
Toy Story 2;Toy Story 2;Quando Andy viaja para um acampamento de verão, Woody é sequestrado por Al, um ambiocioso colecionador, que precisa do brinquedo favorito de Andy para completar sua coleção da Gangue do Rodeio. Junto com Jessie, Bala no Alvo e Mineiro, Woody corre o risco de ter que passar o resto de sua vida em exposição num museu. Agora, Buzz, Sr. Cabeça de Batata, Porquinho, Rex e Slinky terão que salvar seu amigo e trazê-lo de volta à vida de brinquedos.;Animação,Comédia,Família;1999-10-30
Toy Story: Esquecidos Pelo Tempo;Toy Story That Time Forgot;Em um dia de bricandeiras de Bonnie após o Natal, a galera se encontra em um território desconhecido ao perceber que os bonecos de ação superdivertidos, na verdade, são malucos. Para que os brinquedos voltem para o quarto de Bonnie, tudo depende de Trixie, a triceratops.;Aventura,Animação,Comédia,Família;2014-12-02
Toy Story Toons: Férias no Havaí;Hawaiian Vacation;É tempo de férias para Bonnie, que está indo para o Havaí com sua família. Os brinquedos estão animados para uma semana de folga, mas Barbie e Ken entram na mochila de Bonnie, na esperança de ir com ela para o Havaí. Porém, Bonnie deixa sua mochila em casa, para horror de Ken. Barbie revela a Woody que Ken tinha planejado lhe dar o primeiro beijo na praia ao pôr do sol. Woody, Buzz e os outros brinquedos recriam o Havaí para os dois.;Animação,Comédia,Família;2011-06-16
Toy Story Toons: Festa-Sauro Rex;Partysaurus Rex;Os brinquedos acham que Rex é um desmancha-prazeres. Mas quando Bonnie o leva para o banho, ele consegue reverter isso e passa a ser o lendário Festa-Sauro Rex!;Animação,Comédia,Família;2012-09-14
Toy Story 4;Toy Story 4;Agora morando na casa da pequena Bonnie, Woody apresenta aos amigos o novo brinquedo construído por ela: Forky, baseado em um garfo de verdade. O novo posto de brinquedo não o agrada nem um pouco, o que faz com que Forky fuja de casa. Decidido a trazer de volta o atual brinquedo favorito de Bonnie, Woody parte em seu encalço e, no caminho, reencontra Bo Peep, que agora vive em um parque de diversões.;Aventura,Animação,Comédia,Família,Fantasia;2019-06-19
Toy Story 3;Toy Story 3;Quando Andy se prepara para ir para a faculdade, Woody, Buzz, Jessie e o restante dos leais brinquedos de Andy pensam o que irá acontecer com eles. Mas quando uma confusão faz com que eles sejam levados à creche Sunnyside, eles conhecem um anfitrião de novos brinquedos e logo descobrem que uma nova aventura selvagem está apenas começando!;Animação,Comédia,Família;2010-06-16
Toy Story Toons: Um Pequeno Grande Erro;Small Fry;O Buzz Lightyear é deixado para trás em uma lanchonete quando uma versão de brinquedo de lanche infantil do Buzz toma seu lugar. Enquanto os brinquedos de Bonnie estão presos com o imitador de Buzz de 6 cm de altura, o verdadeiro Buzz está preso no restaurante em um grupo de apoio para brinquedos descartados. Enquanto Woody e sua turma elaboram uma maneira de resgatar seu amigo, o Buzz tenta escapar da reunião de psicoterapia de brinquedos.;Animação,Comédia,Família;2011-11-23
Toy Story de Terror;Toy Story of Terror!;Os brinquedos partem em uma viagem juntamente com Bonnie, mas um evento inesperado faz com que todos parem em um hotel de beira de estrada. Quando um dos brinquedos simplesmente desaparece, Woody, Buzz e toda a turma precisam enfrentar o medo do desconhecido para encontrá-lo.;Aventura,Animação,Comédia,Família;2013-10-16
Toy Story 5;Toy Story 5;The next entry in the Toy Story franchise. Plot TBA.;Aventura,Animação,Família;
Making 'Toy Story';Making 'Toy Story';Documentary of the making of the groundbreaking Disney/Pixar animated hit movie.;Documentário;1995-12-02
Toy Story Funday Football;Toy Story Funday Football;Wild Toy Story-themed animated NFL game. The real players will be converted into animated characters in (almost) real time, with Buzz and Woody watching on the sidelines.;Animação,Família;2023-10-01
Toy Story at 20: To Infinity and Beyond;Toy Story at 20: To Infinity and Beyond;Retrospective looking at the revolutionary computer-animated feature film Toy Story.;Documentário;2015-12-10
The Story Behind 'Toy Story';The Story Behind 'Toy Story';The documentary short of Toy Story of why and how the feature length blockbuster sleeper movie became a success and helps to boost Pixar's popularity of making one of the few animation movie production companies in the world today, especially in North America.;Documentário;1996-12-18
Toy Story 3 in Real Life;Toy Story 3 in Real Life;8 years ago, two brothers set out to explore filmmaking by recreating their favorite film. The following is the product of that endeavor.;;2020-01-25
Charlie e A História De Um Brinquedo;Charlie: A Toy Story;Caden e seu melhor amigo, Charlie, um cão da raça golden retriever, estão juntos para atrapalhar os planos de quem quer roubar a última invenção do pai: um brinquedo que vai mudar o mundo, literalmente.;Família;2013-04-02
Bienvenue à Toy Story Playland;Bienvenue à Toy Story Playland;Celebrate the opening of Toy Story Playland at the Walt Disney Studios Park.;Documentário;2010-08-17
Sex Toy Story;Sex Toy Story;Animated sex toys fight over which one is their mistress's favorite.;Animação;1998-09-07
Toy Story (Live Action Fan Remake);Toy Story (Live Action Fan Remake);;;
The Great Canadian Toy Story;The Great Canadian Toy Story;From rags to riches, the behind-the-scenes story of Canadian toy manufacturer Spin Master is an inspiring saga of creativity and innovation.;Documentário;
Ponte para Terabítia;Bridge to Terabithia;Jess sente-se um estranho na escola e até mesmo em sua família. Durante todo o verão ele treinou para ser o garoto mais rápido da escola, mas seus planos são ameaçados por Leslie, que vence uma corrida que deveria ser apenas para garotos.;Aventura,Drama,Família;2007-02-15
Meu Primeiro Amor;My Girl;Vada Sultenfuss, uma garota de 11 anos, é obcecada com a morte, pois sua mãe morreu quando a garota nasceu e seu pai, Harry Sultenfuss, é um agente funerário que não lhe dá muita atenção. Vada é apaixonada por Jake Bixler, seu professor de inglês, e é muito amiga de Thomas J. Sennett, um garoto que é alérgico a tudo. Quando Harry contrata Shelly DeVoto, uma maquiadora, para os funerais e se apaixona por ela, Vada se sente rejeitada e quer fazer qualquer coisa para separá-los.;Comédia,Drama;1991-11-27
Meu Primeiro Amor, Parte 2;My Girl 2;O ano agora é 1974, Vada tem 13 anos e seu pai (Dan Aykroyd) se casou com a grávida Shelly (Jamie Lee Curtis). Quando Vada decide escrever sobre sua falecida mãe numa redação da escola, ela convence o pai a deixá-la viajar até Los Angeles para buscar mais informações sobre o passado de sua mãe. Lá, ela visita seu tio Phil (Richard Masur), que recruta o filho da sua namorada, Nick (Austin O'Brien), para ser o guia turístico de Vada. Quando um rastro de pistas dispersas os levam a uma variedade de personagens e Marcos de Los Angeles, Vada começa a formar a imagem de sua mãe, e a aversão inicial entre Vada e Nick é gradualmente substituída por uma amizade ou quem sabe algo mais.;Comédia,Família;1994-02-11
Meu Eterno Primeiro Amor;Sage of Time;Paul é um fotógrafo independente e aventureiro que encontra seu primeiro amor, Anna, em um movimentado mercado filipino. A paixão do viajante reacende, o que mexe com seus princípios sobre relacionamentos, religião e moralidade, o fazendo, por um instante, deixar de lado suas convicções conflitantes e se entregar. A noite que eles passam juntos vai mudar tudo o que ele pensa sobre amor e vida.;Drama,Romance;2020-05-17
O Meu Primeiro Grande Amor;O Meu Primeiro Grande Amor;"A man discovers that love can come at unexpected times and places. The greater the ""surprise"", the greater the love.";Animação;2006-01-01
Assassinos da Lua das Flores;Killers of the Flower Moon;Na década de 1920, em Oklahoma, o povo da nação Osage começa a ser assassinado após petróleo ser descoberto sob suas terras, até que o FBl entra em cena para desvendar o mistério.;Crime,Drama,Suspense;2023-10-18
Rebel Moon - Parte 1: A Menina do Fogo;Rebel Moon - Part One: A Child of Fire;Quando uma colônia pacífica na periferia da galáxia se vê ameaçada pelos exércitos do tirânico regente Balisarius, eles despacham Kora, uma jovem com um passado misterioso, para procurar guerreiros de planetas vizinhos para ajudá-los a se posicionar.;Ação,Aventura,Ficção Científica;2023-12-22
Sailor Moon R: A Promessa da Rosa;劇場版　美少女戦士セーラームーンＲ;O primeiro filme de Sailor Moon aborda a infância de Mamoru Chiba e a sua amizade com Fiore, um ser alienígena recém-chegado à Terra.;Ação,Animação,Fantasia,Romance;1993-12-05
Bishoujo Senshi Sailor Moon S: Hearts in Ice;劇場版　美少女戦士セーラームーンS 〜かぐや姫の恋人〜;Um meteoro gelado vaga de maneira ameaçadora acima da Terra. A rainha da neve envia cristais ao planeta, instrumentos importantes para seu plano de congelar o planeta e destruir toda a vida. Entrretanto, um cristal foi encontrado por um inocente astrônomo, cuja vida agora se encontra em perigo. Podem as sailors ajudar o astrônomo e derrotar a rainha da neve antes que seja demasiado tarde?;Ação,Animação,Comédia,Fantasia,Romance;1994-12-04
Sailor Moon Super S O Filme – O Buraco Negro dos Sonhos;劇場版　美少女戦士セーラームーンSuperS　セーラー9戦士集結！ブラック・ドリーム・ホールの奇跡;"Em todo o mundo, as crianças dormem. Sem saber do perigo que espreita nas sombras. Mas esta noite, uma escuridão estranha flutua ao vento. E as crianças, uma por uma, começam a desaparecer. Parece ser uma força sobrenatural que se alimenta de seus sonhos. A rainha má, Badiyanu, fadas e seu fiel auxiliar na utilização do ""Black Dream Hole"" engolir a Terra. Cabe a Sailor Moon e Sailor soldados para evitar a escuridão que se aproxima.";Ação,Animação,Comédia,Fantasia,Romance;1995-12-23
Shark Side of the Moon;Shark Side of the Moon;Décadas atrás, a URSS desenvolveu tubarões impossíveis de matar e os lançou à lua. Hoje, uma equipe de astronautas americanos enfrentará a luta de suas vidas.;Ação,Horror,Ficção Científica,Suspense;2022-08-12
Pretty Guardian Sailor Moon Eternal: O Filme;劇場版 美少女戦士セーラームーンEternal 前編;A nova aventura acontece em abril, quando as cerejeiras florescem e Tóquio está em festa, celebrando o maior eclipse solar do século. A lua nova começa a tapar o sol, reduzindo gradualmente sua luz. Usagi e Chibi-Usa encontram Pegasus, que procura a donzela escolhida, capaz de romper o selo do Cristal Dourado. Enquanto isso, um misterioso grupo chamado Dead Moon Circus aparece na cidade, com o plano nefasto de espalhar pesadelos conhecidos como Lemures pelo mundo para roubar o domínio do Cristal de Prata sobre a lua e a Terra e, por fim, conquistar o universo todo.;Ação,Animação,Fantasia;2021-01-08
O Incrível Livro de Hipnotismo de Molly Moon;Molly Moon and the Incredible Book of Hypnotism;Uma menina órfã acha um livro de hipnose e, ao praticar com alguma pessoas, consegue ir até Nova Iorque e se tornar rica e famosa. Mas, ao descobrir a existência do livro, um homem sequestra seu cachorro com a intenção de chantageá-la a roubar um banco.;Família,Fantasia;2015-04-11
Pretty Guardian Sailor Moon Eternal: O Filme - Parte 2;劇場版 美少女戦士セーラームーンEternal 後編;A nova aventura acontece em abril, quando as cerejeiras florescem e Tóquio está em festa, celebrando o maior eclipse solar do século. A lua nova começa a tapar o sol, reduzindo gradualmente sua luz. Usagi e Chibi-Usa encontram Pegasus, que procura a donzela escolhida, capaz de romper o selo do Cristal Dourado. Enquanto isso, um misterioso grupo chamado Dead Moon Circus aparece na cidade, com o plano nefasto de espalhar pesadelos conhecidos como Lemures pelo mundo para roubar o domínio do Cristal de Prata sobre a lua e a Terra e, por fim, conquistar o universo todo.;Ação,Aventura,Animação,Comédia,Drama,Fantasia,Romance;2021-02-11
Pretty Guardian Sailor Moon Cosmos: O Filme (Parte 1);劇場版 美少女戦士セーラームーンCosmos 前編;Shadow Galactica, uma nova força inimiga liderada por Sailor Galaxia, tem como alvo as Sailor Guardiãs, acabando com a paz que elas conquistaram, e ameaça destruir as guardiãs. Usagi vai lutar com todas as forças para enfrentar a poderosa Sailor Galaxia. A última batalha da guerreira do amor e da justiça, está prestes a começar.;Animação;2023-06-09
A Saga Crepúsculo: Lua Nova;The Twilight Saga: New Moon;Logo após Bella Swan completar 18 anos, Edward Cullen decide deixá-la para trás em um esforço para protegê-la após um ataque que quase tirou sua vida. Com uma tristeza inconsolável, Bella descobre que ela pode chamar a imagem de Edward sempre que se coloca em perigo e seu desejo em estar com ele a leva a assumir riscos cada vez maiores. Com a ajuda de Jacob Black, seu amigo de infância e um membro da misteriosa tripo Quileute, o coração de Bella vai gradualmente descongelando, enquanto Jacob esconde seu próprio segredo sobrenatural. Ao receber a notícia de que seu amado decide acabar com a própria vida, Bella parte para impedi-lo, sem imaginar que um perigo ainda maior a aguarda.;Aventura,Drama,Fantasia,Romance;2009-11-18
Pale Moon;紙の月;"Rika Umezawa vive com seu marido e sem filhos. Ela possui um trabalho de meio período em um banco, sendo elogiada pelos clientes e chefe, devido à atenção que dá a seus afazeres. Ainda assim, ela sente um vazio por parte do marido, que não parece interessado nela. Rika acaba se envolvendo em um caso extraconjugal com um jovem chamado Kota, e começa a extorquir seus clientes. Baseado no livro ""Kami no Tsuki"".";Crime,Drama;2014-11-15
Rebel Moon - Parte 2: A Marcadora de Cicatrizes;Rebel Moon - Part Two: The Scargiver;Part two of Zack Snyder's 2023 sci-fi epic, Rebel Moon.;Ação,Drama,Ficção Científica;2024-04-19
Moon Young;문영;Moon-young é uma garota muda, que sempre tem em mãos uma pequena filmadora para filmar secretamente o rosto das pessoas. Após uma série de conflitos com seu pai bêbado, ela sai correndo de casa e encontra Hee-soo em lágrimas, terminando com seu namorado. Gradualmente, uma relação entre elas se inicia.;Drama;2017-01-12
Lua de Fel;Bitter Moon;Um casal de ingleses ao fazerem um cruzeiro, conhecem uma bela e jovem francesa casada com um cadeirante. Ao notar o interesse por sua esposa, o cadeirante conta como eles se conheceram e se amaram loucamente.;Drama,Romance,Suspense;1992-09-02
Lunar;Moon;O turno de três anos do astronauta Sam Bell em uma mina lunar está finalmente terminando e ele está ansioso para seu reencontro com sua esposa e sua filha. De repente, a saúde de Sam dá uma guinada para pior. Ele sofre dores de cabeça e alucinações e quase tem um acidente fatal. Ele conhece o que parece ser uma versão mais jovem de si mesmo, possivelmente um clone. Sam precisa resolver o mistério antes que a tripulação da empresa chegue.;Drama,Ficção Científica;2009-06-12
Pretty Guardian Sailor Moon Cosmos: O Filme (Parte 2);劇場版 美少女戦士セーラームーンCosmos 後編;A saga de Sailor Moon chega ao seu clímax, com a luta final contra a Shadow Galactica.;Animação;2023-06-30
Pink Floyd: The Dark Side of the Moon;Pink Floyd - The Making of The Dark Side of the Moon;"Lançado para coincidir com o então 30º aniversário deste álbum clássico. Aprenda como Pink Floyd montou ""The Dark Side of the Moon"" com a ajuda do engenheiro original Alan Parsons. Todos os quatro membros da banda (Roger Waters, David Gilmour, Nick Mason e Richard Wright) são entrevistados em profundidade, dando informações valiosas sobre o processo de gravação. Os temas do álbum são discutidos em detalhes e a banda leva você de volta às fitas originais para ilustrar como eles compilaram as músicas. Com performances individuais de certas faixas de Roger, David e Richard incluídas, essa é uma aquisição essencial para qualquer fã do Pink Floyd e um artefato fascinante para historiadores do rock em todos os lugares do mundo.";Documentário,Musical;2003-06-01
Sailor Moon - Make Up! Sailor Senshi;メイクアップ！セーラー戦士;Usagi and Chibiusa overhear two girls talking about the Sailor Senshi and Tuxedo Mask. Humorously, as the girls discuss which is the smartest, most elegant, strongest, and the leader of the Senshi, Usagi claims those titles for herself. Chibiusa shakes her head at Usagi's delusion.;Animação,Comédia;1993-12-05
Mona Lisa e a Lua de Sangue;Mona Lisa and the Blood Moon;Uma garota com poderes incomuns está internada em um hospital psiquiátrico há mais de uma década até que, uma noite, a lua de sangue a libera e ela pode se reinserir na moderna cidade de Nova Orleans, onde enfrentará estranhos habitantes. Ele será capaz de encontrar seu lugar neste mundo?;Fantasia,Mistério,Suspense;2022-09-30
O Homem da Terra;The Man from Earth;A obra se concentra no misterioso comportamento de John Oldman (David Lee Smith), um professor acadêmico que a cada dez anos muda de contexto, deixando tudo para trás. Cansado de guardar esse misterioso segredo, antes de partir, convida seus colegas de academia para uma reunião em sua casa onde irá revelar pela primeira vez o que está por trás desse comportamento obscuro.;Drama,Ficção Científica;2007-06-10
O Homem da Terra: Holoceno;The Man from Earth: Holocene;"O filme conta a história de um professor de ""Homem da Terra"" de 15 mil anos, John Oldman, que ensina no norte da Califórnia, ao perceber que não só ele finalmente começa a envelhecer, mas quatro estudantes descobriram seu segredo mais profundo.";Drama,Ficção Científica;2017-10-13
O Último Homem da Face da Terra;El último hombre sobre la Tierra;Uma executiva sofisticada descobre que todas as pessoas desapareceram. Para piorar, só sobrou um colega de trabalho arrogante que está determinado a conquistá-la.;Comédia;2022-12-22
O Homem Que Caiu na Terra;The Man Who Fell to Earth;Thomas Jerome Newton (David Bowie) é um alienígena que vem à Terra em busca da salvação de seu planeta: água. Disfarçado de empresário, ele faz uso de tecnologias avançadas para conseguir o dinheiro necessário para a construção da nave que o levará de volta para casa. Para isso, no entanto, ele deverá sobreviver à dura competição do mundo dos negócios e às tentações terráqueas.;Drama,Ficção Científica;1976-03-18
Frankenstein: Entre Anjos e Demônios;I, Frankenstein;Após enterrar o Dr. Victor Frankenstein, o monstro criado por ele é atacado por demônios, que pretendem capturá-lo. Ele consegue se salvar e segue sua vida. Porém, 200 anos depois, o monstro, agora com o nome de Adam, acaba se envolvendo em uma guerra entre dois clãs imortais na cidade ancestral de Darkhaven.;Horror,Suspense;2014-01-22
O Jovem Frankenstein;Young Frankenstein;Chamado ao castelo de seu finado avô na Transilvânia, o jovem Dr. Frankestein logo descobre um manual descrevendo passo a passo como trazer um cadáver de volta à vida. Auxiliado pelo corcunda Igor e pela curvilínea Inga, ele cria um monstro que só deseja ser amado.;Comédia;1974-12-15
Frankenstein de Mary Shelley;Mary Shelley's Frankenstein;Quando o brilhante, mas heterodoxo cientista Dr. Victor Frankenstein rejeita o homem artificial que acabou de criar, a Criatura escapa e jura vingança.;Drama,Horror,Romance,Ficção Científica;1994-11-04
A Noiva de Frankenstein;The Bride of Frankenstein;Dr. Frankenstein (Colin Clive) e seu monstro (Boris Karloff) retornam, pois não estavam mortos como inicialmente se acreditava. O pesquisador planeja parar suas demoníacas experiências, mas quando um cientista louco (Ernest Thesiger) seqüestra sua esposa (Valerie Hobson), ele concorda em ajudá-lo em criar uma nova criatura, uma mulher (Elsa Lanchester), para ser companheira do monstro.;Drama,Horror,Ficção Científica;1935-04-20
O Filho de Frankenstein;Son of Frankenstein;Barão Wolf von Frankenstein quer limpar o nome da família da desgraça. Com a ajuda de Ygor, Wolf consegue reanimar o monstro que seu pai criou. Mas quando vários aldeões são mortos misteriosamente, Wolf deverá encontrar o culpado.;Horror,Ficção Científica;1939-01-13
A Maldição de Frankenstein;The Curse of Frankenstein;"O Barão Frankenstein (Peter Cushing) descobre uma maneira de enganar a morte. Para testar sua descoberta, monta um corpo com pedaços de diferentes cadáveres. O resultado é uma criatura sem nome, irracional e sedenta de morte. Ciência ou loucura?""";Horror,Ficção Científica;1957-05-20
O Exército de Frankenstein;Frankenstein's Army;No fim da Segunda Guerra Mundial, soldados russos que passam pela região da Alemanha oriental encontram acidentalmente um laboratório nazista. Lá, cientistas fazem testes que tem como base as experiências de Dr. Frankestein, eles utilizam restos mortais de seres humanos para criar super soldados nazistas;Ação,Horror;2013-01-24
O Fantasma de Frankenstein;The Ghost of Frankenstein;Ygor ressuscita o monstro de Frankenstein e leva-o até o filho do médico original, Ludwig, em busca de ajuda.;Fantasia,Horror,Ficção Científica;1942-03-13
A Mulher de Frankenstein;La figlia di Frankenstein;Dr. Frankensteins' daughter, who is in love with the aging lab assistant Marshall, continues with her fathers experiments and attempts to transplant Marshall's brain into a new body to prolong his life.;Horror,Ficção Científica;1971-10-22
Frankenstein;Frankenstein;Primeira versão cinematográfica do clássico de Mary Shelley. O louco Dr. Victor Frankestein cria uma criatura que toma consciência de sua monstruosidade. Frankenstein, um jovem estudante de medicina, tentando criar o ser humano perfeito, cria um monstro disforme. Adoentado com o que fez, Frankenstein é consolado por sua noiva, mas em sua noite de núpcias é visitado pelo monstro. Uma luta sonha, mas o monstro, ao se ver no espelho, fica horrorizado e foge. Mais tarde, ele retorna, entrando no quarto da nova noiva e a encontra sozinha.;Fantasia,Horror,Ficção Científica;1910-03-18
A Mansão de Frankenstein;House of Frankenstein;Um cientista lunático e perigoso foge da prisão e ressuscita Drácula. Seu ato de terror vai mais além, quando ele consegue trazer de volta os monstros Frankenstein e Lobisomem, que estavam congelados e enterrados.;Horror;1944-12-01
A Vingança de Frankenstein;The Revenge of Frankenstein;O Barão Frankenstein foge da execução na guilhotina e usa o pseudônimo Dr. Stein para abrir sua clínica na Alemanha. Lá, recomeça seus experimentos com cadáveres, mas um de seus pacientes tem um destino diferente do que Stein planejou.;Horror,Ficção Científica;1958-06-13
Abbott e Costello Encontram Frankenstein;Bud Abbott and Lou Costello Meet Frankenstein;Aboot e Costello trabalham na agência de correspondências, até que ficam responsáveis por uma carga macabra: duas grandes caixas, contendo uma o corpo de Drácula, e a outra o de Frankenstein. O plano de Drácula é dar a Frankenstein um novo cérebro, e é aí que os atrapalhados amigos entram em uma fria, pois são seduzidos por uma bela garota que trabalha para o vampiro.;Comédia,Horror;1948-06-15
Alvin e os Esquilos: Encontram Frankenstein;Alvin and the Chipmunks Meet Frankenstein;Alvin e seus irmãos estão se apresentando em um parque de diversões e perdem o ônibus que os levaria a seu próximo compromisso. Com isso, ficam presos no parque e descobrem que o Dr. Frankenstein e seu monstro estão vivos.;Animação,Comédia;1999-09-28
Frankenstein - Terror das Trevas;Frankenstein Unbound;Buchanan, um cientista que vive no futuro, é levado por sua própria invenção, para uma aldeia suíça do século 19. Lá, encontra um clima de medo e terror, provocado por uma onda de assassinatos. O Dr. Buchanan vai se deparar com a chave dos crimes.;Horror,Ficção Científica;1990-11-02
Frankenstein Encontra o Lobisomem;Frankenstein Meets the Wolf Man;Lon Chaney Jr., agora um lobisomem, procura o Dr. Frankenstein na esperança de que este o liberte de sua maldição. Ele encontra o cientista morto, mas a sua criatura continua viva e causando o terror.;Horror;1943-03-05
O Monstro de Frankenstein;The Evil of Frankenstein;Once hounded from his castle by outraged villagers for creating a monstrous living being, Baron Frankenstein returns to Karlstaad. High in the mountains they stumble on the body of the creature, perfectly preserved in the ice. He is brought back to life with the help of the hypnotist Zoltan who now controls the creature. Can Frankenstein break Zoltan's hypnotic spell that incites the monster to commit these horrific murders or will Zoltan induce the creature to destroy its creator?;Horror,Ficção Científica;1964-05-08
Frankenstein;Frankenstein;A história se passa nos Estados Unidos de hoje, quando a detetive O´Connor está investigando uma série de horripilantes assassinos. As pistas a levam até uma figura misteriosa, Deucalião, criação original do Doutor Frankenstein que, através de experiências genéticas, tem-se mantido vivo nas sombras. O próprio doutor Victor Frankenstein, hoje conhecido como Victor Hélios está vivo e aperfeiçoando sua técnica de trazer vida aos inanimados. Suas criaturas, mais sofisticadas que Deucalião, estão em todos os setores da sociedade, sob o controle do mestre. Médico e monstro fizeram diferentes escolhas entre o bem e o mal. Agora, com a ajuda de Deucalião, a detetive O´Connor tentará apanhar Hélios e provar seus bizarros crimes. Mas ela terá que arriscar sua própria vida para fazer isso.;Drama,Horror,Mistério,Ficção Científica,Filme para TV;2004-10-09
Frankenstein Contra o Mundo;フランケンシュタイン対地底怪獣;During WWII, Germans obtain the immortal heart of Frankenstein's monster and transport it to Japan to prevent it being seized by the Allies. Kept in a Hiroshima laboratory, it is seeming lost when the United States destroys the city with the atomic bomb. Years later a wild boy is discovered wandering the streets of the city alone, born of the immortal heart.;Horror,Ficção Científica;1965-08-08
O Horror de Frankenstein;The Horror of Frankenstein;Tongue-in-cheek chiller about a ruthlessly sadistic student who will stop at nothing in pursuit of advancing his shocking scientific experiments. Young Victor Frankenstein murders his own father in order to inherit his title and fortune, and drops out of school to concentrate on his unholy attempts to resurrect dead creatures.;Horror,Ficção Científica;1970-11-08
Drácula de Bram Stoker;Bram Stoker's Dracula;O vampiro Conde Drácula vem à Inglaterra atrás de quem ele acredita ser sua antiga paixão, de quando ainda era um mortal.;Horror,Romance;1992-11-13
Conde Drácula;Nachts, wenn Dracula erwacht;Jonathan Harker viaja até um castelo numa remota zona da Transilvânia para encontrar-se com seu excêntrico proprietário, o Conde Drácula, que pretende comprar uma nova propriedade na Inglaterra. Aos poucos, Harker começa a perceber que há mais do que excentricidade naquela figura, e seu anfitrião se revela uma terrível criatura que se alimenta de sangue humano.;Horror;1970-04-03
Náufragos do Titanic;Titanic;1912. Julia Sturges (Barbara Stanwyck), uma socialite, embarca no Titanic acompanhada pelos filhos, Annette (Audrey Dalton) e Norman (Harper Carter), e deixa para trás o marido, Richard Ward Sturges (Clifton Webb). Julia está cansada do estilo sofisticado do seu esposo e planeja viver nos Estados Unidos com os filhos. Richard arruma um jeito de embarcar no último minuto e descobre que Julia quer se divorciar dele. Eles acabam discutindo e coisas duras são ditas, mas quando o Titanic bate num iceberg e começa a afundar todos os problemas deles se tornam bem pequenos.;Drama,Romance;1953-04-11
Titanic;Titanic;Um artista pobre e uma jovem rica se conhecem e se apaixonam na fatídica jornada do Titanic, em 1912. Embora esteja noiva do arrogante herdeiro de uma siderúrgica, a jovem desafia sua família e amigos em busca do verdadeiro amor.;Drama,Romance;1997-11-18
O Resgate do Titanic;Raise the Titanic;Uma corrida debaixo d'água para salvar o Titanic e sua carga de defesa vital. Adaptado do best-seller de Clive Cussler, a história segue as aventuras do agente especial americano Dirk Pitt (Richard Jordan), e seus companheiros (Jason Robards, David Selby e Alec Guinnes) em sua jornada recuperar um material que tornará os EUA inexpugnável aos ataques atômicos. O naviio está muito fundo para os mergulhadores e a única solução é trazê-lo de volta à superfície. O incrível projeto deve ser gerenciado em segredo absoluto, devido à interferência mortal de uma nação rival. Mas quando o Titanic, finalmente é trazido à tona, descobre-se que a aventura está apenas começando!;Aventura;1980-08-01
Titanic - A Lenda Continua;Titanic: La leggenda continua;Cinderela encontra seu Príncipe Encantado no malfadado Titanic. Junto com o passeio estão um cachorro batendo, outros animais falantes e uma variedade de humanos malucos.;Animação,Família;2000-09-15
S.O.S. Titanic;S.O.S. Titanic;S.O.S. Titanic é um filme de drama com David Janssen na pele de John Jacob Astor, David Warner como Lawrence Beesley, passageiro de segunda-classe, Ian Holm como J. Bruce Ismay e Cloris Leachman retratando Molly Brown que conta a história de um dos maiores naufrágios do século 20 dirigido por William Hale no ano de 1979. Filme com David Janssen na pele de John Jacob Astor, David Warner como Lawrence Beesley, passageiro de segunda-classe, Ian Holm como J. Bruce Ismay e Cloris Leachman retratando Molly Brown. O filme foi feito a bordo do Queen Mary.;Drama,História,Filme para TV,Suspense;1980-02-29
Titanic: 20 Anos Depois;Titanic: 20 Years Later with James Cameron;James Cameron lançou o filme Titanic 20 anos atrás prometendo uma história viva , dizendo que ele devia a verdade àquelas almas perdidas em 1912. Agora, neste especial de 1 hora, Cameron junta especialistas para reabrir o arquivo do caso, perguntando Nós acertamos? Com 33 mergulhos nos escombros do navio e anos de analise forense, ele explora os mitos e mistérios do Titanic, testando o desastre, na esperança de responder perguntas que o perseguiram por anos.;Documentário;2017-11-26
Titanic: 25 Anos Depois com James Cameron;Titanic: 25 Years Later with James Cameron;The Academy Award-winning director and National Geographic Explorer-at-Large James Cameron adds a postscript to his fictional retelling of the tragedy. After hearing fans continue to insist Jack didn’t have to die that night, he mounts tests to see, once and for all, whether both Jack and Rose could have fit on that raft and survived.;Documentário,Filme para TV;2023-02-10
De Volta ao Titanic;Back to the Titanic;"""De Volta ao Titanic"" mostra os primeiros mergulhos tripulados ao Titanic em quase 15 anos. As novas imagens revelam a deterioração mais recente e ajuda a perceber qual será o futuro do navio.";Documentário;2020-02-23
Titanic 666;Titanic 666;Depois que um navio de cruzeiro gigante navega sobre o local do desastre do Titanic, eventos sombrios e mortais começam a ocorrer a bordo. Quando o capitão do navio investiga as trágicas ocorrências, torna-se claro que os passageiros do Titanic original voltaram.;Horror,Mistério,Suspense;2022-04-15
Mistérios do Titanic;Drain the Titanic;O naufrágio mais famoso do mundo, o Titanic, está a mais de três mil quilômetros de profundidade nas águas geladas do oceano Atlântico. Desde a descoberta do naufrágio em 1985, aconteceram inúmeras expedições até o local, mas, até agora, ninguém registrou de forma completa o que realmente permanece nesta remota área do fundo do mar. Agora, depois de um século desta trágica perda, somos capazes de revelar uma visão geral do local do naufrágio vamos drenar virtualmente o Titanic. Espetaculares novas técnicas de visualização irão ilustrar este processo de drenagem e oferecer aos telespectadores uma visão do navio emergindo pelas ondas visto em sua totalidade pela primeira vez desde 15 de abril de 1912. Um desfile virtual nos permitirá explorar o local e solucionar alguns mistérios antigos.;Documentário;2015-04-12
Titanic II;Titanic II;"On the 100th anniversary of the original voyage, a modern luxury liner christened ""Titanic 2,"" follows the path of its namesake. But when a tsunami hurls an ice berg into the new ship's path, the passengers and crew must fight to avoid a similar fate.";Ação,Aventura,Suspense;2010-08-07
Titanic: No Coração do Naufrágio;Titanic, au cœur de l’épave;Mais de um século após seu naufrágio, os restos do Titanic estão ameaçados. Cinco heróis da exploração deste famoso transatlântico revivem suas aventuras no Titanic.;Documentário;2020-12-17
Titanic: Incêndio Fatal;Titanic: The New Evidence;Documentário Titanic - Incêndio Fatal. Foi o maior navio alguma vez construído. Considerado impossível de afundar, o Titanic afundou na sua viagem de inauguração, levando 1500 pessoas consigo para o fundo. Levantou então ondas de choque pelo mundo inteiro, criando um debate que continua até hoje. Porque é que, quando o Titanic recebeu vários avisos de icebergs em frente, o capitão avançou a toda a velocidade em vez de mudar o curso? Duas horas depois da colisão, o Titanic está a flutuar antes de, inexplicavelmente, se afundar e levar centenas de passageiros consigo.;Documentário;2017-01-21
Titanic;Titanic;Este filme alemão pouco conhecido remete à verdadeira história do navio oceânico britânico que encontrou um destino trágico. Ernst Fritz Fürbringer interpreta o presidente da White Star Line, que impensavelmente pressionou o capitão do Titanic (Otto Wernicke) para fazer o cruzamento mais rápido possível para Nova York. Curiosamente, o diretor Herbert Selpin foi preso pela Gestapo durante a produção deste filme (morrendo estranhamente alguns dias depois) e o Ministro da Propaganda nazista, Joseph Goebbels, proibiu sua exibição por suas cenas de pânico e terror. Tirando o fato de que, na noite anterior a sua estreia, o cinema onde o filme seria exibido sofreu um ataque aéreo. Sob as ordens de Selpin, o negativo do filme e as cópias existentes foram escondidos em um galpão secreto. Acreditou-se que o filme estava perdido, até que, em 1949, o negativo foi misteriosamente encontrado.;Ação,Drama,História;1943-11-10
Cem Anos de Titanic por James Cameron;Titanic: The Final Word with James Cameron;O cineasta James Cameron reúne o melhor time de engenheiros, arquitetos navais, artistas e historiadores com o objetivo de tentar finalmente desvendar os grandes mistérios que ainda giram em torno do naufrágio do Titanic.;Documentário,História;2012-04-08
Titanic, Suitable Version for Iranian Families;Titanic, noskhe monaseb baraye khanevadehaye irani;A complex and sometimes combative exchange at an Iranian broadcaster over a certain Hollywood blockbuster disguises deeper ruptures, in Farnoosh Samadi’s wry and subtly provocative drama.;Animação;2023-09-20
Reconstruindo o Titanic;Rebuilding Titanic;Especialistas reconstroem seções icônicas do Titanic, utilizando métodos da indústria de construção de navios de cem anos atrás.;Documentário,Filme para TV;2011-06-20
Titanic: A Verdadeira História?;Titanic's Final Mystery;Tim Maltin explora as últimas horas do navio antes do naufrágio.;Documentário;2012-05-29
Titanic: O Legado;Save the Titanic With Bob Ballard;Cem anos após o navio ter afundado em sua viagem inaugural, a embarcação está em perigo. Dr. Robert Ballard, guia da expedição que encontrou o Titanic anteriormente, faz uma jornada pessoal para salvar sua maior descoberta.;Documentário,História;2012-04-08
The Chambermaid on the Titanic;La femme de chambre du Titanic;Horty, a French foundry worker, wins a contest and is sent to see the sailing of the Titanic. In England, Marie, saying she is a chambermaid on the Titanic and cannot get a room, asks to share his room. They do, chastely. when he awakens, she is gone, but he sees her at the sailing and gets a photo of her. When he returns home, he suspects that his wife Zoe has been sleeping with Simeon, the foundry owner. Horty goes to the bar, where his friends get him drunk and he starts telling an erotic fantasy of what happened with him and Marie, drawing a larger audience each night.;Drama,Romance;1997-10-10
A Noite Devorou o Mundo;La nuit a dévoré le monde;Depois de acordar para se encontrar sozinho em um apartamento onde uma grande festa estava sendo realizada na noite anterior, Sam é imediatamente forçado a enfrentar uma realidade aterradora: os mortos vivos invadiram as ruas de Paris.;Drama,Horror,Suspense;2018-03-07
The Longest Penalty Shot in the World;El penalti más largo del mundo;Fernando (Fernando Tejero) is a loser. A gray type, without ambition, that works like bookcases distributor in a supermarket of the quarter. In his free short whiles, he is a substitute keeper of a football team, a third regional one. In all the season he has not played a single minute. But the last Sunday of the league the referee indicates penalty and the regular keeper injures itself. Fernando must occupy the goal for the first time. If penalty scores, the team of the district will proclaim champion. If no, all the effort of a year will not have been worth for anything. When the penalty is just about to be kicked, a group of indignant fans with the referee invades the field and prevents the kick. The competition committee decides that the penalty must play the following Sunday, in the same goal, with same players and the field closed to the public. El Penalti más largo del mundo, (The Longest Penalty Shot in the World) is exactly the history of that week of delay.;Comédia;2005-03-08
Sexta-Feira 13;Friday the 13th;"O Acampamento Crystal Lake será reaberto. Monitores ansiosos, seus olhos brilhando com nobres ideais, e seus hormônios à flor da pele, estão prontos para liderar as canções e brincadeiras dos hóspedes. Mas há um jogo que não constava na lista de atividades. Alguém resolveu brincar de ""Mate o Monitor"".";Horror;1980-05-09
Sexta-Feira 13;Friday the 13th;Em Crystal Lake, o que começou como o melhor fim semana de suas vidas rapidamente poderia se tornar o último. Um grupo de adolescentes, a quilômetros de distância da civilização estão prestes a descobrir, um a um, que o lago tem um sangrento passado... e está pronto para vingança.;Horror;2009-02-11
Sexta-Feira 13 - Parte 2;Friday the 13th Part 2;Cinco anos após o horrível massacre no acampamento Crystal Lake, tudo que resta é a lenda de Jason Voorhees e sua mãe, que assassinou sete instrutores do acampamento. Num acampamento de verão próximo, os novos instrutores não sabem que têm de ficar o mais distante possível daquele lugar. Descuidados, os jovens circulam pela área, sem sentir a presença ameaçadora do mal. Um a um, eles são atacados e mortos brutalmente.;Horror;1981-05-01
Sexta-Feira 13 - Parte 5: Um Novo Começo;Friday the 13th: A New Beginning;Jason está de volta, com sua máscara e tudo o mais. Lá vem ele de novo com seus velhos truques diabólicos, nesta sequência. Desta vez, ele parece ter lançado seus olhares sobre os jovens pacientes de um isolado sanatório. E um pouco mais que seus alvos adolescentes acabam em metades, pedaços... Pode inventar que Jason bota pra quebrar.;Horror;1985-03-22
Sexta-Feira 13 - Parte 8: Jason Ataca Nova York;Friday the 13th Part VIII: Jason Takes Manhattan;Estudantes fazem uma viagem de barco a Nova York, mas recebem a visita do temido Jason, que ressuscitou do fundo do Crystal Lake e vai espalhar sangue e terror pela Big Apple.;Horror;1989-07-28
Sexta-Feira 13 - Parte 3;Friday the 13th Part III;Um romântico verão se transforma num pesadelo de indescritível terror para mais um grupo de ingênuos monitores. Desconhecendo a sangrenta herança do acampamento Crystal Lake, um a um, eles se tornam vítimas do maníaco Jason, que os espreita a todo o momento.;Horror;1982-08-13
Sexta-Feira 13 - Parte 6: Jason Vive;Friday the 13th Part VI: Jason Lives;"Quando criança, Tommy fez o que muitos morreram tentando fazer: matar Jason Vorhees, o assassino que aterrorizava os habitantes de Crystal Lake. Agora, muitos anos depois, Tommy é perseguido pelo medo de que talvez Jason não esteja morto realmente. Ele vai ao cemitério com um amigo para cavar o túmulo de Jason. Infelizmente para Tommy, (e muito mais para seu amigo), eles descobrem não um corpo em decomposição, mas o próprio Jason que apenas descansara, e agora está pronto para retornar sua escalada de sangue e terror em ""Sexta-Feira 13 - Parte 6: Jason Vive"".";Horror,Mistério,Suspense;1986-08-01
Sexta-Feira 13 - Parte IV: O Capítulo Final;Friday the 13th: The Final Chapter;Depois de sua ressurreição num necrotério, o assassino mascarado dedica sua vingativa atenção à família Jarvis e a um grupo de desavisados adolescentes. O jovem Tommy Jarvis é um aficionado dos filmes de terror, com um talento especial para criar máscaras e maquiagem. Será que o diabólico Jason encontrou um adversário à altura?;Horror;1984-04-13
Sexta-Feira 13 - Parte 7: A Matança Continua;Friday the 13th Part VII: The New Blood;Tina Shepard é uma adolescente com poderes telecinéticos descontrolados. Quando menina tirava férias no acampamento Crystal Lake, ela matou seu abusivo pai com o uso das suas habilidades mentais, quando teve um acesso de raiva. Anos depois, ao se aconselhar com Crews, um psicólogo manipulador e ambicioso, Tina concorda em participar de uma terapia radical que a leva de volta à Crystal Lake. Infelizmente, as habilidades psíquicas de Tina despertam Jason Voorhees, que estava sepultado no fundo do lago, o que faz com que o vingativo Jason elimine vários adolescentes de uma casa próxima de forma sangrenta. Assim, Tina tenta deter o massacre de Jason usando seus poderes.;Horror;1988-05-13
Sexta-Feira 13;Black Friday;University professor George Kingsley is struck by gangsters while crossing the street, leaving him with brain damage and one of the gangsters, Cannon, paralyzed. Kingsley's friend Dr. Sovac attends to both men, and when Cannon offers him a reward for aiding his recovery, Kovac transplants part of Cannon's brain into the dying Kingsley's skull, creating a dual personality.;Crime,Horror,Ficção Científica;1940-02-29
Agosto 13 Sexta-Feira;Agosto 13 Sexta-Feira;Em um dia de azar, um crime ocorre envolvendo dois assassinatos e um assalto de joalheria. Das nove ao meio dia, as jóias circulam por mãos inocentes e terminam na mesa de um delegado que esclarece as diversas casualidades e coincidências.;Aventura,Comédia;1955-03-01
Entrei em Pânico ao Saber o Que Vocês Fizeram na Sexta-Feira 13 do Verão Passado - Parte 2: A Hora da Volta da Vingança dos Jogos Mortais de Halloween;Entrei em Pânico ao Saber o Que Vocês Fizeram na Sexta-Feira 13 do Verão Passado - Parte 2: A Hora da Volta da Vingança dos Jogos Mortais de Halloween;Sete anos após o massacre do primeiro filme, os sobreviventes Eliseu e Niandra ainda temem a volta de Geison, o terrível psicopata que esquartejou seus amigos em uma noite de sexta-feira 13. Novos assassinatos começam a acontecer. Mas quem estará por trás da máscara do matador?;Comédia,Horror;2011-10-20
Entrei em Pânico ao Saber o Que Vocês Fizeram na Sexta-feira 13 do Verão Passado;Entrei em Pânico ao Saber o Que Vocês Fizeram na Sexta-feira 13 do Verão Passado;Um dos títulos mais populares do cinema independente brasileiro, este filme amador conta as desventuras de um grupo de jovens da Serra Gaúcha perseguidos por um psicopata mascarado.;Comédia,Horror;2001-12-23
Jason Vai para o Inferno: A Última Sexta-Feira;Jason Goes to Hell: The Final Friday;Estudantes fazem uma viagem de barco a Nova York, mas recebem a visita do temido Jason, que ressuscitou do fundo do Crystal Lake e vai espalhar sangue e terror pela Big Apple.;Horror;1993-08-13
Segundas Intenções;Cruel Intentions;"Sem querer, Annette passa a ser objeto de um diabólico jogo sexual para os irmãos de criação Sebastian e Kathryn ao escrever um artigo na revista ""Seventeen"" sobre como pretende permanecer virgem até se casar. Porém, Sebastian recebe mais do que esperava quando tenta levar Annette para cama. A incursão do jovem faz parte de uma aposta que ele fez com a irmã manipuladora, que adora passar o tempo tentando arruinar a vida amorosa dos amigos.";Drama,Romance;1999-03-05
Segundas Intenções 2;Cruel Intentions 2;Quando se muda para a mansão da nova família de seu pai, Sebastian Valmont percebe que sua meia irmã Kathryn é mais inescrupulosa que ele. Enquanto ela faz planos maquiavélicos, ele se apaixona por Danielle, filha da diretora da escola onde estuda.;Drama;2001-03-13
Segundas Intenções 3;Cruel Intentions 3;Quando uma maliciosa aposta de sedução e abandono de dois amigos fica só no papel, Jason e Patrick, dois estudantes da Faculdade Prestridge, se concentram no prêmio final: Cassie Merteuil, uma mulher fria e calculista ao extremo, que leva a manipulação para um outro nível de prazer e dor.;Drama;2004-05-25
Segundas Intenções;Match;Tobi Powell (Patrick Stewart), experiente professor de dança da prestigiosa Juilliard, aceita conceder entrevista a Lisa (Carla Gugino), acadêmica de Seattle que está escrevendo uma dissertação sobre a dança em Nova York na década de 1960. Conforme as conversas avançam, segredos do passado vão sendo revelados e as segundas intenções do encontro vêm à tona.;Comédia,Drama;2014-04-18
Intentions;Intentions;Renee leads a fulfilling life as a professor of theater, mother of two girls, and wife to a kind and successful husband. Her life of contentment is changed forever when she discovers an undeniable attraction between herself and a female graduate student. Now every element of her life is called into question -- a question only she can answer about what she wants and needs.;;2003-03-01
Advogado do Diabo;The Devil's Advocate;Kevin Lomax, advogado de uma pequena cidade da Flórida que nunca perdeu um caso, é contratado por John Milton, dono da maior firma de advocacia de Nova York. No início tudo parece correr bem, mas Mary Ann, a esposa do advogado, começa a testemunhar aparições demoníacas. Kevin está empenhado em defender o cliente e cada vez dá menos atenção a sua mulher, enquanto seu misterioso chefe parece sempre saber como contornar cada problema e tudo que perturba o jovem advogado.;Drama,Horror,Mistério,Suspense;1997-10-17
A Prima Sofia;Une fille facile;Naïma acaba de fazer 16 anos. Neste verão, ela terá que decidir o que quer da vida se não quiser perder. Então chega sua prima Sofia, com um corpo incrível e um estilo de vida perigosamente sedutor. Naïma deseja apenas seguir seu próprio caminho, desde que ele conduza para cima ... Apesar dos avisos de seu melhor amigo Dodo, ela e Sofia viverão encontros inesquecíveis durante um longo verão que os marcará para sempre;Comédia,Drama;2019-08-28
Modo Avião;Modo Avião;Uma jovem influenciadora digital bate o Mustang de colecionador do avô ao tirar uma selfie e é enviada para a fazenda dele para tentar consertar o carro, mas com um detalhe crucial: ela não pode usar o celular…;Comédia,Drama,Romance;2020-01-23
Na Palma da Mão;스마트폰을 떨어뜨렸을 뿐인데;A vida de uma mulher vira de cabeça para baixo quando um homem perigoso encontra um celular perdido e começa a seguir tudo o que ela faz.;Mistério,Suspense;2023-02-17
O Amor na Palma da Mão;The Simian Line;The Simian Line is an American improvisational film, released in 2001. When Katharine (Lynn Redgrave) throws a party on Halloween, a psychic called Arnita (Tyne Daly) predicts that one of the three couples present at the party will break up by the end of the year. The guests don't take her seriously. Arnita doesn't tell them that she can see a fourth couple at the party, the long dead Mae (Samantha Mathis) and Edward (William Hurt). As days go by, Katharine grows increasingly jealous of her lover Rick (Harry Connick, Jr.), and his flirting with her neighbor Sandra (Cindy Crawford). Sandra is married to Paul (Jamey Sheridan). Marta (Monica Keena) and Billy (Dylan Bruno) are rock musicians who live in the same building as Katharine.;Drama;2001-11-16
Flávio Rangel - O Teatro na Palma da Mão;Flávio Rangel - O Teatro na Palma da Mão;;Documentário;2009-11-21
O Lobo E O Leão;Le Loup et le Lion;Um filhote de lobo e um filhote de leão perdidos são resgatados por uma garota no coração do deserto canadense. A amizade deles mudará suas vidas para sempre.;Aventura,Família;2021-10-13
A Magia das Águas;Magic in the Water;Ashley e Josh não têm muita chance de estar com o pai. Agora vão passar férias num lago canadense, que dizem ser habitado por um monstro.;Aventura,Drama,Família,Fantasia;1995-08-30
A História sem Fim;Die unendliche Geschichte;"Quando o jovem Bastian pegou emprestado um misterioso livro, ele jamais sonhou que ao virar uma página seria levado a um mundo de fantasia onde pudesse ver um caracol de corrida, um morcego planador, um dragão da sorte, elfos, uma Imperatriz Menina, o valente guerreiro Atreyu e uma pedra ambulante chamada Come-Pedra. Você apreciará esta adorável aventura e descobrirá que ""A História Sem Fim"" é a sua história!";Aventura,Drama,Família,Fantasia;1984-04-06
A História Sem Fim 2;The NeverEnding Story II: The Next Chapter;Bastian deve salvar Fantasia de uma terrível feiticeira e encontrar coragem que lhe falta na vida real. Seus velhos amigos se juntam a ele: Atreyu. o menino guerreiro, Falkor. o dragão da sorte e o Come-Pedra. E novas criaturas surgem, como Nimbly. o pássaro, o pequeno Wambos, Mudwart, os Gigantes, Come-Pedra Jr. e Smerg. o dragão. Uma grande sequência de efeitos nos trazem incríveis emoções. A mais nova e maravilhosa aventura de Bastian é tão encantadora como a primeira!;Aventura,Drama,Família,Fantasia;1990-10-25
A História Sem Fim 3;The NeverEnding Story III;"Bastian (Jason James Richter) se esconde em uma biblioteca ao fugir de uma gangue de garotos. Lá ele encontra o livro ""A História Sem Fim"". Decidido a esquecer seus problemas, ele começa a lê-lo e novamente chega a Fantasia. Só que o líder da gangue encontra o livro caído no chão e passa a escrever nele diversas maldades e perigos, o que faz com que o reino torne-se um pesadelo. O único jeito de salvar Fantasia é com Bastian retornando ao mundo real para resgatar o livro.";Família,Fantasia;1994-10-26
Norte, O Fim da História;Norte, Hangganan ng Kasaysayan;Um homem é injustamente preso por assassinato enquanto o verdadeiro assassino está solto.  O assassino é um intelectual frustrado com o ciclo interminável de traição e apatia por seu país. O condenado é um homem simples que acha a vida na prisão tolerável, porém algo misterioso e estranho começa a acontecer com ele.;Crime,Drama;2013-09-29
Cocoricó - História com fim;Cocoricó - História com fim;Depois do último capítulo do livro “Aventura Sem Fim” da Lola ser roubado por Dito e Feito, a mando do Pato Torquato, Noel leva Júlio, João, Lilica e Vitória à uma livraria para tentar encontrar um livro igual.  Em meio aos livros de aventura, romance e poesia, eles encontram a seção de livros antigos e lá o “Aventura Com Fim” para saberem o final da história, junto com Lola e a turma do Paiol, através do Lap Top.;;
Ainda Não É O Fim: A História De Simon Fitzmaurice;It's Not Yet Dark;The story of Simon Fitzmaurice, a young filmmaker who becomes completely paralyzed from motor neuron disease but goes on to direct an award-winning feature film through the use of his eyes.;Documentário;2016-07-09
A História sem Fim;Die unendliche Geschichte;"Quando o jovem Bastian pegou emprestado um misterioso livro, ele jamais sonhou que ao virar uma página seria levado a um mundo de fantasia onde pudesse ver um caracol de corrida, um morcego planador, um dragão da sorte, elfos, uma Imperatriz Menina, o valente guerreiro Atreyu e uma pedra ambulante chamada Come-Pedra. Você apreciará esta adorável aventura e descobrirá que ""A História Sem Fim"" é a sua história!";Aventura,Drama,Família,Fantasia;1984-04-06
A História Sem Fim 2;The NeverEnding Story II: The Next Chapter;Bastian deve salvar Fantasia de uma terrível feiticeira e encontrar coragem que lhe falta na vida real. Seus velhos amigos se juntam a ele: Atreyu. o menino guerreiro, Falkor. o dragão da sorte e o Come-Pedra. E novas criaturas surgem, como Nimbly. o pássaro, o pequeno Wambos, Mudwart, os Gigantes, Come-Pedra Jr. e Smerg. o dragão. Uma grande sequência de efeitos nos trazem incríveis emoções. A mais nova e maravilhosa aventura de Bastian é tão encantadora como a primeira!;Aventura,Drama,Família,Fantasia;1990-10-25
A História Sem Fim 3;The NeverEnding Story III;"Bastian (Jason James Richter) se esconde em uma biblioteca ao fugir de uma gangue de garotos. Lá ele encontra o livro ""A História Sem Fim"". Decidido a esquecer seus problemas, ele começa a lê-lo e novamente chega a Fantasia. Só que o líder da gangue encontra o livro caído no chão e passa a escrever nele diversas maldades e perigos, o que faz com que o reino torne-se um pesadelo. O único jeito de salvar Fantasia é com Bastian retornando ao mundo real para resgatar o livro.";Família,Fantasia;1994-10-26
Norte, O Fim da História;Norte, Hangganan ng Kasaysayan;Um homem é injustamente preso por assassinato enquanto o verdadeiro assassino está solto.  O assassino é um intelectual frustrado com o ciclo interminável de traição e apatia por seu país. O condenado é um homem simples que acha a vida na prisão tolerável, porém algo misterioso e estranho começa a acontecer com ele.;Crime,Drama;2013-09-29
Cocoricó - História com fim;Cocoricó - História com fim;Depois do último capítulo do livro “Aventura Sem Fim” da Lola ser roubado por Dito e Feito, a mando do Pato Torquato, Noel leva Júlio, João, Lilica e Vitória à uma livraria para tentar encontrar um livro igual.  Em meio aos livros de aventura, romance e poesia, eles encontram a seção de livros antigos e lá o “Aventura Com Fim” para saberem o final da história, junto com Lola e a turma do Paiol, através do Lap Top.;;
Ainda Não É O Fim: A História De Simon Fitzmaurice;It's Not Yet Dark;The story of Simon Fitzmaurice, a young filmmaker who becomes completely paralyzed from motor neuron disease but goes on to direct an award-winning feature film through the use of his eyes.;Documentário;2016-07-09
Cisne Negro;Black Swan;"Nina é uma bailarina cuja obsessão pela dança supera todas as facetas de sua vida. Quando o diretor artístico da companhia decide substituir sua prima ballerina para a produção de estreia de ""O Lago dos Cisnes"", Nina é sua primeira escolha. Sua concorrente é a novata Lily. Embora Nina seja perfeita para o papel do Cisne Branco, Lily personifica o Cisne Negro. A rivalidade entre as duas bailarinas se transforma em uma amizade distorcida e o lado obscuro de Nina começa a vir à tona.";Drama,Horror,Suspense;2010-12-03
Ascensão do Cisne Negro;SAS: Red Notice;Um pequeno exército de criminosos bem treinados liderados por Laszlo Antonov sequestrou o Eurostar nas profundezas do Canal da Mancha.;Ação,Drama,Suspense;2021-08-11
O Cisne Negro;The Black Swan;Quando o notório pirata Henry Morgan é nomeado governador da Jamaica, ele pede a ajuda de alguns de seus ex-parceiros para livrar o Caribe dos Bucaneiros. Quando um deles aparentemente seqüestra a linda filha do governador anterior e se junta aos rebeldes, as coisas estão prontas para uma briga. (e 14 - Estimado 14 Anos);Ação,Aventura,Drama,Romance;1942-12-04
The Swan of Wishes;Cisne Cuello Negro, Cuello Blanco;Sergio Abel lives in a small town in Central Cuba and he videotapes his life. He is also a grade school teacher. A beautiful documentary that incorporates Sergio’s observations and footage and his student’s aspirations for the future with the outsider’s eye to tell his story.;Documentário;2009-12-03
CI(s)NE NEGRO;CI(s)NE NEGRO;A captura de El Chapo Guzmán através da Operação Cisne Negro penetra no interior chamuscado do Arquivo Cinematográfico Mexicano queimado em 1982. Prisões clandestinas sob as ruas da Cidade do México, camadas de buracos negros ocultos e histórias opacas.;;2016-02-02
Advogado do Diabo;The Devil's Advocate;Kevin Lomax, advogado de uma pequena cidade da Flórida que nunca perdeu um caso, é contratado por John Milton, dono da maior firma de advocacia de Nova York. No início tudo parece correr bem, mas Mary Ann, a esposa do advogado, começa a testemunhar aparições demoníacas. Kevin está empenhado em defender o cliente e cada vez dá menos atenção a sua mulher, enquanto seu misterioso chefe parece sempre saber como contornar cada problema e tudo que perturba o jovem advogado.;Drama,Horror,Mistério,Suspense;1997-10-17
